image,fenify-3D,ChessReD ResNeXt,ChessQueries Lite,truth
G021_IMG008,8/2bqkp1n/rpb2nNp/pPb1Np2/3prN2/2NP3P/PPNPPPPP/R1BBQKBR,r1bqkb1r/ppp2ppp/2n2n2/3pp3/4P3/P1N3P1/1PPP1P1P/R1BQKBNR,r1bqkb1r/ppp2ppp/2n2n2/3pp3/4P3/P1N3P1/1PPP1P1P/R1BQKBNR,r1bqkb1r/ppp2ppp/2n2n2/3pp3/4P3/P1N3P1/1PPP1P1P/R1BQKBNR
G062_IMG084,KPNN1NPP/3R1Nr1/r3Q3/pRP4P/PPPBQ1PP/br1B3b/bk1BR1p1/4N3,8/1p1R2b1/p3N2P/P7/8/8/1r6/4R2K,8/1p1R2b1/p3N1rk/P7/7p/8/1r6/4R2K,8/1p1R2b1/p3N1rk/P6p/7p/8/1r6/4R2K
G097_IMG027,R2K3R/3NQBPP/2P2N2/PP1P1P2/3pPB1p/1pB1n3/r1pq1pp1/1KbN1r1r,r1b1rrk1/1pp1bp1p/3p1Bp1/p1nPp3/2PnP1PP/2N2P2/PPQQN3/R3K2R,r1b1nrk1/1pp1qp1p/3p1Bp1/p1nPp3/2P1P1PP/2N2P2/PPBQN3/R3K2R,r1b1nrk1/1pp1qp1p/3p1Bp1/p1nPp3/2P1P1PP/2N2P2/PPBQN3/R3K2R
G097_IMG065,1pPP2B1/k1Pb4/pR6/nR6/1R1R2N1/3rP1K1/rp1n2P1/4rP2,4n1k1/1p2R2p/3p2p1/2pN2P1/p1P5/P7/1PK5/8,1r2n1k1/1p2R2p/6pP/2pN2P1/p1P5/P7/1PK5/8,1r2n1k1/1p2R2p/6pP/2pN2P1/p1P5/P7/1PK5/8
G018_IMG047,1k1R1R2/2P1NnQP/BPNBb1P1/4B1p1/3Pp3/1p1n4/1Bpn3k/1Qr1kr2,2rq1rk1/p3ppb1/4p1p1/3pP3/1p1P4/1P1bNNPP/PB1N1P2/2R1R1K1,2rq1rk1/p3ppb1/4n1p1/3pP3/1p1P4/1P1bBNPB/PQnN1P2/2R1R1K1,2rq1rk1/p3ppb1/4n1p1/3pP3/1p1P4/1P1bBNPB/PQnN1P2/2R1R1K1
G033_IMG007,RR1PB1pr/1P4Bn/R1N2r1q/K2N1rPq/K2Q2Rk/KP3Nrb/RP3p2/RP3prp,rnbqkb1r/pp2pppp/2pp1n2/8/P2PP3/2N5/1PP2PPP/R1BQKBNR,rnbqkb1r/pp2pppp/2pp1n2/8/P2PP3/2N5/1PP2PPP/R1BQKBNR,rnbqkb1r/pp2pppp/2pp1n2/8/P2PP3/2N5/1PP2PPP/R1BQKBNR
G076_IMG097,P1N1Bp1P/1RBK1r2/PbBB4/1PBQ4/Rb1QNK2/pBBBRRbR/rBBKKpbq/nPBr1NPn,8/5k2/1p3Np1/p5Np/4q2P/1P4P1/P7/8,8/5k2/1p3Rp1/p5Kp/4r2P/1P4P1/P7/8,8/5k2/1p3Rp1/p5Kp/4r2P/1P4P1/P7/8
G088_IMG082,NQ1BBqBb/5qPR/2ppq1p1/3pQqP1/P4q1P/r4N1P/6K1/6kB,5k2/7R/3p2p1/3P1p2/5P1P/r7/6K1/8,5k2/7R/3p2p1/3P1p2/5P1P/r7/6K1/8,5k2/7R/3p2p1/3P1p2/5P1P/r7/6K1/8
G080_IMG081,1PkNPrP1/1p1NbP2/1B2B1K1/3PB1K1/3PB1R1/6R1/2r1n2r/2p2R2,8/5pp1/pN5p/6q1/1k1P4/P5P1/5K1P/8,8/5Bp1/pr5k/4P1N1/1n2PPb1/R5Pp/3R1K1P/1r6,8/5Bp1/pr5k/4P1N1/1n2PPb1/R5Pp/3R1K1P/1r6
G033_IMG075,PPNNNPP1/1r1P1rrn/pp1QQbpq/B2P1BPP/B7/4PP2/4PPNR/6K1,8/1p3pp1/p6p/P7/8/4PP2/7P/6K1,8/1p3pp1/p6k/P7/8/4PP2/7P/6K1,8/1p3pp1/p6k/P7/8/4PP2/7P/6K1
G000_IMG010,R1P3pp/NB1P2k1/1P4b1/BP2p1rq/K1P2p1r/BPN1nNpb/1P4p1/RP4nr,r2qkb1r/pppn1ppp/4pn2/3p1b2/1P6/P3PN2/1BP2PPP/RN1QKB1R,r2qkb1r/pppn1ppp/4pn2/3p1b2/1P6/P3PN2/1BPP1PPP/RN1QKB1R,r2qkb1r/pppn1ppp/4pn2/3p1b2/1P6/P3PN2/1BPP1PPP/RN1QKB1R
G004_IMG073,pBNkKP2/RRBN1PP1/rqBPQ3/pRBQ4/RbP1n1KK/bBBB2Rp/rrBB1B1P/rPBpppP1,3r4/1p3r2/6p1/8/2B1B2P/pP4P1/P2K4/8,3r3k/1p3R2/6p1/7r/2BpR2P/pP4P1/P2K4/8,3r3k/1p3R2/6p1/7r/2BpR2P/pP4P1/P2K4/8
G018_IMG080,RR2bk2/P1QRR1r1/pNQRR1NP/r1QQPN1B/p3bPBB/1p2rNNN/PP1PBB1n/6kK,4qr2/p5k1/8/6N1/8/1P2N1P1/P4PK1/8,4bk2/p3N1b1/4P3/1r2P1N1/1p2p3/1P2B1P1/P4PK1/8,4bk2/p3N1b1/4P3/1r2P1N1/1p2p3/1P2B1P1/P4PK1/8
G048_IMG058,K3R3/2B1RbP1/NPB1RPpP/NQ1PBPpp/1Q1p1p2/2p2Q2/rpr1rq2/kn2n2N,3r3k/3q2pp/2n2p2/1pp2P2/p3p1p1/P6P/1P1R1RP1/3R3K,3r3k/3r2pp/2q2p2/2p2P2/p3p1Q1/PpPP3P/1PnR1BP1/3R3K,3r3k/3r2pp/2q2p2/2p2P2/p3p1Q1/PpPP3P/1PnR1BP1/3R3K
G018_IMG028,1QQNQ2N/PPRP2PP/2RBP3/2NBP3/2PBPN2/3bkNp1/rppr2bn/1Kr1Qr2,2rq1rk1/pb2ppbp/1pn1p1p1/3pP3/3P4/4BNP1/PP3PBP/R2QRRK1,2rq1rk1/pb2ppbp/1pn1n1p1/3pP3/3P4/4BNP1/PP3PBP/R2QRNK1,2rq1rk1/pb2ppbp/1pn1n1p1/3pP3/3P4/4BNP1/PP3PBP/R2QRNK1
G086_IMG013,R1BKQ2R/PPP3PP/1BNP1N2/4PP2/4p3/p1npr3/1pp2ppn/1Kb1QrnB,rnbq1rk1/ppp2pp1/3bpn1p/3p4/2PP4/2N1PNB1/PP3PPP/R2QKB1R,rnbq1rk1/ppp2pp1/3bpn1p/3p4/2PP4/2N1PNB1/PP3PPP/R2QKB1R,rnbq1rk1/ppp2pp1/3bpn1p/3p4/2PP4/2N1PNB1/PP3PPP/R2QKB1R
G000_IMG047,r2Pr1Q1/5p2/q1p4p/PpBp3P/1PBp4/PP2PNK1/1N2NNP1/N3R3,r3r1k1/5p2/p1p4p/1pPp4/1P6/P3PNK1/1R4P1/R3R3,r3r1k1/5p2/p1p4p/1pPp4/1P6/P3PNK1/1n4P1/R3R3,r3r1k1/5p2/p1p4p/1pPp4/1P6/P3PNK1/1n4P1/R3R3
G088_IMG080,bRP1BK1N/r1rpNK2/P2rBb2/2Pp1r2/PPPpPn2/2pP4/8/5P2,5k2/7R/3p2p1/3P1p2/5P1P/P3r1K1/8/8,5k2/7R/3p2p1/3P1p2/5P1P/P3r1K1/8/8,5k2/7R/3p2p1/3P1p2/5P1P/P3r1K1/8/8
G062_IMG063,P1N1bkNp/1P2bbRN/1PQ1BNRP/p2B1NNK/p1qQ1P1p/pBQ2PrN/bBbP1KKB/nPbk1RP1,8/1p4bk/p7/3R1r1p/P7/1R3P2/1P3K2/4R3,3R4/1p4bk/p7/3N1r1p/P6p/1r3P2/1P3K2/4R3,3R4/1p4bk/p7/3N1r1p/P6p/1r3P2/1P3K2/4R3
G032_IMG061,4Q1rq/qp2K1r1/7P/1r2BB1p/1K1n3N/BR1PP2N/PP5P/3R2K1,4N2k/pp4k1/8/7p/1r1P3P/8/PP4P1/3R2K1,4Q2k/pp4b1/8/4P2p/1q1r3P/8/PP4P1/3R2K1,4Q2k/pp4b1/8/4P2p/1q1r3P/8/PP4P1/3R2K1
G076_IMG002,P2Pp3/PBB1br2/PBNPbk1P/B1PQNpR1/RB2QpRB/RK2QpR1/bkNN1pb1/PPkR1pnp,rnbqkb1r/pppppppp/5n2/8/8/5N2/PPPPPPPP/RNBQKB1R,rnbqkb1r/pppppppp/5n2/8/8/5N2/PPPPPPPP/RNBQKB1R,rnbqkb1r/pppppppp/5n2/8/8/5N2/PPPPPPPP/RNBQKB1R
G044_IMG020,1p4P1/kr4BK/1pn2NP1/Q2p2PN/qnbB1PRQ/b1p2NP1/1p3BP1/rp4PR,r1bq1rk1/pp1n1ppp/2pn1n2/4p3/8/1BNP1N2/PPPB1PPP/R2QR1K1,r1bq1rk1/pp1n1ppp/2pb1n2/4p3/8/1BNP1N2/PPPB1PPP/R2QR1K1,r1bq1rk1/pp1n1ppp/2pb1n2/4p3/8/1BNP1N2/PPPB1PPP/R2QR1K1
G071_IMG005,P1PQQBNR/RPNP2PP/2N5/4PP2/4p3/5p2/rppq2pn/rnbkQrnr,rnbqkbnr/pp2pppp/2p5/3p4/2PP4/5N2/PP2PPPP/RNBQKB1R,rnbqkbnr/pp2pppp/2p5/3p4/2PP4/5N2/PP2PPPP/RNBQKB1R,rnbqkbnr/pp2pppp/2p5/3p4/2PP4/5N2/PP2PPPP/RNBQKB1R
G071_IMG041,n1b2rQ1/Np3rn1/P1r4p/2pn1p1p/3NpP2/3Nb1B1/2P1BPPP/N1Q3K1,r1n2rk1/pp3kp1/2p4p/2Rp1p2/3Pp3/4P1N1/4BPPP/R1B3K1,r1b2rk1/pp3qp1/P1p4p/2Rn1p2/3Pp3/4P1B1/4BPPP/R1Q3K1,r1b2rk1/pp3qp1/P1p4p/2Rn1p2/3Pp3/4P1B1/4BPPP/R1Q3K1
G075_IMG026,1kP1QBRR/PPB4P/2N2P2/1b1Pr2P/1B1PR2r/1P5p/rBpb2p1/1Kn3nn,rn3rk1/1p2ppbp/p5p1/q2P4/4P1b1/2P2N2/P4PPP/1RBQ1RK1,rn3rk1/1p2ppbp/p5p1/q2B4/3pP1b1/2P2N2/P4PPP/1RBQ1RK1,rn3rk1/1p2ppbp/p5p1/q2B4/3pP1b1/2P2N2/P4PPP/1RBQ1RK1
G097_IMG072,kpBP1B1N/k1rP1K2/nR3K2/nR1N1B2/pP1NpN2/r2p4/3qr1P1/4pB2,3r2k1/4R2p/6p1/1ppN1pP1/p7/P4K2/1P6/8,3rn1k1/4R2p/6pP/2pN2P1/p1p5/P4K2/1P6/8,3rn1k1/4R2p/6pP/2pN2P1/p1p5/P4K2/1P6/8
G004_IMG055,kB1B2PP/k1p2B2/BR5R/4P3/3pBBB1/3p1NK1/np2Bp2/r2r1pP1,r4rk1/1p3p2/6p1/p1pp4/1b1PP3/P1NQ2P1/P1Q4P/5R2,r4nk1/1p3R2/6p1/r1pp4/1b1PP3/pPNB2P1/P1K4P/5R2,r4nk1/1p3R2/6p1/r1pp4/1b1PP3/pPNB2P1/P1K4P/5R2
G064_IMG075,3PpQNN/NBPbP3/r2R3P/pB1Rr3/PPP1r1k1/K5r1/1PPP2r1/N1P2p2,8/3R1pp1/7p/p2n4/P1N5/1P4P1/2B2P1P/8,8/3k1pp1/7p/p2r4/P1R5/1P4P1/2B2P1P/3nK3,8/3k1pp1/7p/p2r4/P1R5/1P4P1/2B2P1P/3nK3
G004_IMG110,nRNBKRkn/1BpRN1P1/1pQ2BPP/1BQ5/8/pBNpbpQp/bBPkBpbr/nBBPNPbq,8/8/P3k3/8/R7/1P3B2/1r2K3/8,8/8/P3k3/8/R7/1P3B2/1r2K3/8,8/8/P3k3/8/R7/1P3B2/1r2K3/8
G048_IMG078,2PppprN/1Pp1pP2/1nP5/1K1q4/1P1q4/BB1p1p2/QNP2kp1/P1Pppnn1,8/6p1/5pkp/8/p7/P6P/1PrN1KP1/6K1,8/6p1/5pkp/8/p3q3/PpP4P/1PnQ1BP1/6K1,8/6p1/5pkp/8/p3q3/PpP4P/1PnQ1BP1/6K1
G048_IMG060,RRN1p1Q1/1RBqr2q/RpBB1BpP/P1Pp1PPP/N2q1PNK/NrP1QBbp/1NRR3n/RPR1KPPq,3r3k/3q2p1/2r2p1p/5P2/p3PQ2/P6P/1P1N1RP1/3R3K,3r3k/3r2p1/2q2p1p/2p2P2/p3pQ2/PpPP3P/1PnR1BP1/3R3K,3r3k/3r2p1/2q2p1p/2p2P2/p3pQ2/PpPP3P/1PnR1BP1/3R3K
G086_IMG045,BB1Pp2r/NQ2RR2/2BPkr1P/PPBPpNNp/PQB1PPQ1/PPN3q1/KP3pK1/2P2r2,r1r5/3qnpk1/2pn2pp/1pRp4/1P1P4/3BP2P/2R2PP1/R1R3K1,r1r5/3nqpk1/2pn2pp/1pNp4/1P1P4/3BP2P/2Q2PP1/R1R3K1,r1r5/3nqpk1/2pn2pp/1pNp4/1P1P4/3BP2P/2Q2PP1/R1R3K1
G021_IMG098,1P4Qn/2P1p1Q1/B2Q2PN/PR1P2K1/RR2QP1Q/BR1QPP1P/2bk2K1/1nnrr3,8/3P4/1r6/p7/2P5/8/1KB5/8,8/n2R4/1k6/p7/2P5/8/1KP5/8,8/n2R4/1k6/p7/2P5/8/1KP5/8
G062_IMG041,3n1rkN/1r3bR1/p3NB1b/3B2pb/P2BPPpq/P1P1np2/1P2N1PP/3RR1K1,3r1rk1/1p3p2/p3b2p/3N2pp/P3P3/2P5/1P2B1PP/3RR1K1,3r1rk1/1p3p2/p3n2b/3N2pp/P3Pp2/2P5/1P2N1PP/3RR1K1,3r1rk1/1p3p2/p3n2b/3N2pp/P3Pp2/2P5/1P2N1PP/3RR1K1
G000_IMG101,NrPPnNPK/1k2p1PK/1r6/1p4R1/5pr1/3PP3/5p2/R4p1N,R7/5pk1/8/8/8/1p6/3r2P1/6K1,R7/5pk1/8/8/8/1p1p4/3r2P1/6K1,R7/5pk1/8/8/8/1p1p4/3r2P1/6K1
G071_IMG091,BBNNBPpN/2pN4/Pp1PB3/1PBPP3/3NQ3/3NQ1b1/P2r2K1/QP3r2,8/p4rk1/P6p/4N3/3P2K1/8/7P/7K,8/p4bk1/P6p/4Q3/3PP1r1/8/7P/7K,8/p4bk1/P6p/4Q3/3PP1r1/8/7P/7K
G071_IMG070,1kr3NN/1Prr3Q/rn4PQ/n2BBP2/2QQNP2/3Q2RR/P3n2R/pPP5,4nr2/p4r1k/p6p/3PN1p1/1p1PP3/4P3/2R2P1P/6K1,4nr2/p4r1k/P5bp/3QB1p1/1p1PP3/4P3/2R2P1P/6K1,4nr2/p4r1k/P5bp/3QB1p1/1p1PP3/4P3/2R2P1P/6K1
G086_IMG060,1N1pP1BN/1kN2P1K/PpQ3PR/rPBR1PPR/3r1P1Q/2pBn2R/3kP3/7B,4r3/5pk1/2p2kp1/1p1p3p/1P1P3P/4P1P1/5P2/2RQ1BK1,4r3/5pk1/2p2qp1/1pPp3p/1Pn4P/4P1P1/5P2/r1RQ1BK1,4r3/5pk1/2p2qp1/1pPp3p/1Pn4P/4P1P1/5P2/r1RQ1BK1
G080_IMG004,RPBKQRBR/PPNNQ1PN/8/4PP2/5P2/2np4/rpr2p2/r1rQkBkq,rnbqkb1r/pppp1ppp/4pn2/8/2PP4/8/PP2PPPP/RNBQKBNR,rnbqkb1r/pppp1ppp/4pn2/8/2PP4/8/PP2PPPP/RNBQKBNR,rnbqkb1r/pppp1ppp/4pn2/8/2PP4/8/PP2PPPP/RNBQKBNR
G004_IMG114,1P2B1Nq/B1NNQrRr/P1B1QbRR/2B1PBpP/PPB1QNRp/4qBRB/4kk1B/N7,8/8/P2k4/8/P4B2/5K2/8/8,8/8/P2k4/8/R4K2/1r3B2/8/8,8/8/P2k4/8/R4K2/1r3B2/8/8
G076_IMG008,P1NPN2N/1pRrbBpR/nnb1kPRP/nrr3P1/pB4B1/pBBBK1BP/bB1P3Q/RPB1PBQQ,rnbqk2r/ppp1ppbp/5np1/3p4/2PP4/2N2N2/PP2PPPP/R1BQKB1R,rnbqk2r/ppp1ppbp/5np1/3p4/2PP4/2N2N2/PP2PPPP/R1BQKB1R,rnbqk2r/ppp1ppbp/5np1/3p4/2PP4/2N2N2/PP2PPPP/R1BQKB1R
G097_IMG010,1p4PR/kbpB2PN/rbn3BR/1p2P2K/q1p1P2Q/bp2PN2/np4P1/rp4PR,rnbq1rk1/ppp1ppbp/3p1np1/6B1/2PPP3/2N5/PP3PPP/R2QKBNR,rnbq1rk1/ppp1ppbp/3p1np1/6B1/2PPP3/2N5/PP3PPP/R2QKBNR,rnbq1rk1/ppp1ppbp/3p1np1/6B1/2PPP3/2N5/PP3PPP/R2QKBNR
G018_IMG103,NB2P1Pp/r2N1N1q/3Bp3/PP1Pb3/1q2BB2/1n2B3/1N3PK1/R7,8/p6k/3P4/8/1p2R3/1n6/5PK1/8,8/p4P1k/3N4/8/1p2N3/1r6/5PK1/8,8/p4P1k/3N4/8/1p2N3/1r6/5PK1/8
G080_IMG017,kp4P1/kb1B1PBK/Prn2NPR/1bp2B2/q3P3/bpn1n1Q1/rp4PN/1p4PR,1nbq1rk1/ppp1bppp/2n1pn2/6B1/2pP4/4PNP1/PPQ2PBP/RN3RK1,1rbq1rk1/ppp1bppp/2n1pn2/6B1/2pP4/4PNP1/PPQ2PBP/RN3RK1,1rbq1rk1/ppp1bppp/2n1pn2/6B1/2pP4/4PNP1/PPQ2PBP/RN3RK1
G097_IMG043,1P1r1K1r/1BB3p1/RBNPN1p1/RB2BpR1/1NQ1bpQ1/2QPq2r/4Pp1k/R4Pb1,r3rrk1/1pp1q2p/3p2p1/2pPp1P1/2P2P2/2N1N3/PPQ5/3R3R,r3nrk1/1pp1q2p/3p2pP/2nPp1P1/p1P2P2/2N1Q3/PPK1N3/3R3R,r3nrk1/1pp1q2p/3p2pP/2nPp1P1/p1P2P2/2N1Q3/PPK1N3/3R3R
G088_IMG083,1PPPPNnq/k1Pr2KQ/p2rP3/PRpB1B2/RPPb4/RRpp4/8/5r2,5k2/3R4/6p1/3P1p2/5P1P/r7/6K1/8,5k2/3R4/3p2p1/3P1p2/5P1P/r7/6K1/8,5k2/3R4/3p2p1/3P1p2/5P1P/r7/6K1/8
G076_IMG005,np4PN/2p3B1/Bpr2NBP/Kp4BQ/qr4PQ/bp2PN1Q/rp4P1/rp4PR,rnbqkb1r/pppppp1p/5np1/8/2P5/2N2N2/PP1PPPPP/R1BQKB1R,rnbqkb1r/pppppp1p/5np1/8/2P5/2N2N2/PP1PPPPP/R1BQKB1R,rnbqkb1r/pppppp1p/5np1/8/2P5/2N2N2/PP1PPPPP/R1BQKB1R
G044_IMG049,nNN1Rk2/r4bpr/P2PPQ2/2r1NP2/1Br1RPPP/2PP2P1/P1B3Q1/4R1K1,r3rk2/p4ppp/5n2/1pp1n3/8/2PP2P1/P1P3P1/4R1K1,r3rk2/p4ppp/5n2/1Bp1R3/8/2PP2P1/P1P3B1/4R1K1,r3rk2/p4ppp/5n2/1Bp1R3/8/2PP2P1/P1P3P1/4R1K1
G076_IMG095,1P2qBBq/2Br1p2/5BR1/4NRRP/3P1N1P/5NNK/2B1Krr1/4Np2,8/5k2/1p1R2p1/p5Np/1r2P2P/1P4P1/P7/8,8/5k2/1p1R2p1/p5Kp/1r2P2P/1P4P1/P7/8,8/5k2/1p1R2p1/p5Kp/1r2P2P/1P4P1/P7/8
G088_IMG034,1kP1P3/BBQ1NNR1/BBB1Q2P/1P1PBP2/3P1P1P/2np2Pp/rpN1Qqb1/1Knr2r1,4r1k1/1bq2ppp/pp1p1n2/p3p3/2PPP3/P2Q2P1/1BQN1PBP/5RK1,1r2r1k1/1bq2ppp/np1p1n2/p3p3/2PPP3/P2Q2P1/1RNN1PBP/5RK1,1r2r1k1/1bq2ppp/np1p1n2/p3p3/2PPP3/P2Q2P1/1RNN1PBP/5RK1
G097_IMG070,1BBrbNQ1/3RR2r/3NR1rP/1ppN2BP/pPpN2B1/P7/1P2K3/4K2B,3r2k1/4R2p/6p1/1ppN2P1/p1P5/P7/1P2K3/8,3rn1k1/4R2p/6pP/1ppN2P1/p1P5/P7/1P2K3/8,3rn1k1/4R2p/6pP/1ppN2P1/p1P5/P7/1P2K3/8
G097_IMG090,BpPNNBBn/q1pK3b/2pn1Q2/7b/8/5Q1P/5K2/2pppP1N,8/7p/6pP/6k1/8/PN6/8/8,8/7p/6pP/6k1/8/PK6/8/8,8/7p/6pP/6k1/8/PK6/8/8
G001_IMG000,PPPpbprr/PPbrkbpn/nprppB2/n1B5/7N/6BN/PPBBkBBQ/PNBPRQQR,rnbqkbnr/pppppppp/8/8/8/8/PPPPPPPP/RNBQKBNR,rnbqkbnr/pppppppp/8/8/8/8/PPPPPPPP/RNBQKBNR,rnbqkbnr/pppppppp/8/8/8/8/PPPPPPPP/RNBQKBNR
G033_IMG012,R3P1pp/1P4qn/QPN2rq1/Q2P1r2/K2Bp2k/BPN2NPb/1P1r2p1/RP4bp,rn2kb1r/ppq2ppp/2pp1n2/P3p3/3PP1b1/2N2N2/1PP2PPP/R1BQKB1R,rn2kb1r/ppq2ppp/2pp1n2/P3p3/3PP1b1/2N2N2/1PP2PPP/R1BQKB1R,rn2kb1r/ppq2ppp/2pp1n2/P3p3/3PP1b1/2N2N2/1PP2PPP/R1BQKB1R
G021_IMG049,Nk5P/1RR2B1P/RRR1NB1P/R3bN1P/R1P5/3rr3/2Prrr1k/nNn3kN,1k3r1r/ppp1n3/3bb3/4Q3/3B3p/P1PP4/2P3B1/R5K1,1k3r1r/ppp1q3/3nb3/4Q3/3N3p/P1PP3R/2P3B1/R5K1,1k3r1r/ppp1q3/3nb3/4Q3/3N3p/P1PP3R/2P3B1/R5K1
G001_IMG097,7N/1BNP1RB1/1PNP1K2/PPB1PK2/rPp1pqp1/1ppnnQ2/8/3k4,4k3/8/4p1p1/1pkp1p1p/3P1P1P/2R1PNP1/6B1/8,4b3/8/4n1p1/1pkp1p1p/3P1P1P/2K1PNP1/6B1/8,4b3/8/4n1p1/1pkp1p1p/3P1P1P/2K1PNP1/6B1/8
G080_IMG033,NP1p1kp1/3nn2r/2PP2pP/1QPB2q1/1QPB1pQ1/RBP2Rrp/QBP3pk/1P4k1,1n3rk1/2p1nppp/p3p3/8/1PNP4/2P1P1P1/4QPBP/R4RK1,1r3rk1/2p1qppp/p3p3/1b6/1nNP4/2P1P1P1/4QPBP/R4RK1,1r3rk1/2p1qppp/p3p3/1b6/1nNP4/2P1P1P1/4QPBP/R4RK1
G086_IMG097,N1BPPBBB/3Pr3/8/2NPPB2/Q1PRP3/Q1p1n3/P1K1rr2/bpp4N,8/8/6p1/1p3p2/1P6/6PP/8/5K2,7R/2P5/6p1/1p3p2/1P6/4p1kp/8/5K2,7R/2P5/6p1/1p3p2/1P6/4p1kp/8/5K2
G021_IMG104,PBN1N3/PrBn1N2/pbBB3Q/pnBNP3/RRRNP2B/bBBQPNPb/brpRRRrr/brPk2BB,8/4k3/8/pR6/2P5/2P5/1K6/8,8/4n3/k7/pR6/2P5/2P5/1K6/8,8/4n3/k7/pR6/2P5/2P5/1K6/8
G088_IMG046,1p1r2kR/1rqn1ppn/1r1b1Bp1/pB1b4/P1PQP3/P2QNP2/PN1B2PP/1N4K1,3r2k1/1bqr1ppp/1p1p4/p7/2PNP3/P3QPP1/1B1R3P/1R4K1,1r1r2k1/1bqn1ppp/1p1p4/p7/2PQP3/P3NPP1/1R1N3P/1R4K1,1r1r2k1/1bqn1ppp/1p1p4/p7/2PQP3/P3NPP1/1R1N3P/1R4K1
G033_IMG030,2PBPp1p/2QN2pq/BPb2R2/B2N1p2/K2np1b1/1PN3rp/1P1b2pk/RP4b1,rn3rk1/1p2bppp/p2p4/P3p3/QP2n1b1/1BP2N2/2P2PPP/2K1K2R,rq3rk1/1p2bppp/p2p4/P3p3/BP2n1b1/1QR2N2/2P2PPP/2B1K2R,rq3rk1/1p2bppp/p2p4/P3p3/BP2n1b1/1QR2N2/2P2PPP/2B1K2R
G021_IMG020,RRNpqk1P/RBBpPk2/RPBb1R1p/PRN3pn/N3p2n/N2b1NBp/QPRBBPbQ/QQKRRPBR,r1bqk2r/ppp2pp1/2n5/4p3/7p/P1PPb1P1/2P1NPBP/R2QK2R,r1bqk2r/ppp2pp1/2n5/4p3/7p/P1PPb1P1/2P1NPBP/R2QK2R,r1bqk2r/ppp2pp1/2n5/4p3/7p/P1PPb1P1/2P1NPBP/R2QK2R
G086_IMG043,1kp2P2/1kb3PK/1q3PBK/1qNP1PNK/pQnpPB2/r1nN4/1pp1P1QR/r7,r1r5/1p1bnpk1/2pn2pp/2Rp4/1P1P4/3BP2P/2R2PP1/1RR3K1,r1r5/1p1nqpk1/2pn2pp/2Np4/1P1P4/3BP2P/2Q2PP1/1RR3K1,r1r5/1p1nqpk1/2pn2pp/2Np4/1P1P4/3BP2P/2Q2PP1/1RR3K1
G086_IMG094,rNKBBNNB/B1BKQ2B/rk1p2RP/pR1r2PP/5Pp1/1P4p1/2p5/R6N,7r/5p2/6p1/1pP5/1P6/6Pp/8/5K2,7R/5p2/6p1/1pP5/1P6/4p1kp/8/5K2,7R/5p2/6p1/1pP5/1P6/4p1kp/8/5K2
G044_IMG018,BRP3pr/1RR3pr/QPB2r1b/QP2Nrpq/QP2n2n/1PN3pN/KP4bk/PP4P1,r1bq1rk1/pp1n1ppp/2pb4/3np3/8/1B1P1N2/PPPB1PPP/RN1QR1K1,r1bq1rk1/pp1n1ppp/2pb4/3np3/8/1B1P1N2/PPPB1PPP/RN1QR1K1,r1bq1rk1/pp1n1ppp/2pb4/3np3/8/1B1P1N2/PPPB1PPP/RN1QR1K1
G076_IMG021,r1bq1rk1/qp2pppb/2n2np1/3r4/3p1B1P/Q1NPPR2/PP2PPP1/2R1KB1P,r1bq1rk1/pp2ppbp/2n2np1/3p4/3P1B1P/R1N1PN2/PP3PP1/2R1KB1R,r1bq1rk1/pp2ppbp/2n2np1/3p4/3P1B1P/Q1N1PN2/PP3PP1/2R1KB1R,r1bq1rk1/pp2ppbp/2n2np1/3p4/3P1B1P/Q1N1PN2/PP3PP1/2R1KB1R
G062_IMG036,NPPBBqQ1/5r2/3PN2r/QN1NPpPR/KP1PQBRB/KP1P3q/bkNbnr2/pP1prpn1,3qk2r/1p3p2/p3b1pk/3N3p/P3N3/8/1PP1B1PP/R3RRK1,3rk2r/1p3p2/p3n1pb/3N3p/P3Pp2/8/1PP1N1PP/R3qRK1,3rk2r/1p3p2/p3n1pb/3N3p/P3Pp2/8/1PP1N1PP/R3qRK1
G097_IMG024,P3NK1R/3B1RpR/p1B1PNRR/QPb2QR1/r2p1QR1/kkpnPBR1/bp6/rr1Pn1PN,r1b1rrk1/1ppn1p1p/3p1np1/p1nPp1B1/2P1P1P1/2N2P2/PPQQQ2P/R3K2R,r1b1nrk1/1ppq1p1p/3p1bp1/p1nPp1B1/2P1P1P1/2N2P2/PPBQN2P/R3K2R,r1b1nrk1/1ppq1p1p/3p1bp1/p1nPp1B1/2P1P1P1/2N2P2/PPBQN2P/R3K2R
G088_IMG033,Rk5p/KKP1NNR1/PB2Q1RP/1B1BBPPP/3BPP2/3r3B/rpb1rqrP/N1kr2n1,1r3rk1/1bq2ppp/pp1p1n2/p3p3/2PPP3/P2Q2P1/1BQN1PBP/5RK1,1r3rk1/1bq2ppp/np1p1n2/p3p3/2PPP3/P2Q2P1/1RNN1PBP/5RK1,1r3rk1/1bq2ppp/np1p1n2/p3p3/2PPP3/P2Q2P1/1RNN1PBP/5RK1
G080_IMG048,1N1NB1p1/B2nb3/R3B1RN/3P3Q/3Pp1Qb/KP4rr/KBP3pk/P1n3PR,1r3rk1/2Nqnpp1/p7/4p3/1n1PP3/6P1/5PBP/R1R3K1,1r3rk1/2Qbqpp1/p7/4p3/1n1PP2p/N5P1/5PBP/R1R3K1,1r3rk1/2Qbqpp1/p7/4p3/1n1PP2p/N5P1/5PBP/R1R3K1
G032_IMG029,1P4rR/N4nn1/PQQB1P2/PQNP1R1P/PQRpB2q/P1NprP2/Kk2Rprk/p1P3r1,2rq1rk1/pp3pbp/2n1p1p1/4PrB1/2BP4/4BP2/PP1Q2PP/2R2RK1,2rq1rk1/pp3pbp/2n1p1p1/4PbN1/2BPp3/4BP2/PP1Q2PP/2R2RK1,2rq1rk1/pp3pbp/2n1p1p1/4PbN1/2BPp3/4BP2/PP1Q2PP/2R2RK1
G048_IMG087,Pk1pPPk1/1r4B1/1pp1p1B1/2p1q1B1/2P1Q2Q/5Pn1/5rN1/3prP2,8/6pk/5p2/7p/p3q2P/P7/1P3KPK/3Q4,8/6pk/5p2/7p/p3q2P/PpP5/1Pn2BPK/3Q4,8/6pk/5p2/7p/p3q2P/PpP5/1Pn2BPK/3Q4
G044_IMG091,2P1BK1N/1NPrpkBR/B2Qrbbp/P1q2pk1/P1KNPK1P/pBBPPQ2/bBBP3B/pPB3nN,2r5/p3r3/6p1/2p2pkp/2P5/2NP4/2P3P1/5R2,2R5/pB2r3/P5p1/2p2pkp/2P5/2KP4/2P3P1/5n2,2R5/pB2r3/P5p1/2p2pkp/2P5/2KP4/2P3P1/5n2
G000_IMG037,b1P2k1r/1BNP2p1/1NN2k2/1NQQb1N1/R1P1K2r/2P3pP/1PQ1P1bq/5p2,r3r1k1/1p1n1pp1/p1p4p/3p2P1/1P1P4/P1NBP1N1/1B1N2P1/R3R3,r3r1k1/1p1n1pp1/p1p4p/3pn1P1/1P1P4/P1NQP1K1/1B1N2P1/R3R3,r3r1k1/1p1n1pp1/p1p4p/3pn1P1/1P1P4/P1NQP1K1/1B1N2P1/R3R3
G001_IMG032,qqb3PK/2nR2NN/r2r1BRP/PRNNNRpR/QPRNQB1P/r2r1RR1/1pP2P2/pP1p1P1R,r2q2k1/1p3qpp/2p2n1p/p2pn3/8/PP1PP3/2Q1BPPP/R3RRK1,r2q2k1/1p3ppb/2p2n1p/p2pr3/8/PP1PP3/2QN1PPP/R3RBK1,r2q2k1/1p3ppb/2p2n1p/p2pr3/8/PP1PP3/2QN1PPP/R3RBK1
G025_IMG024,pnN1BrQn/rr3r1n/Pbp2b1p/1k1B1p2/3B1N2/P4N2/PP3PPP/R1QQKN1P,rn3rk1/ppp2p1p/1b6/3B1b2/8/P4N2/1PP2PPP/R2QK2R,rn3rk1/ppp2p1p/1q3p2/3B1b2/8/P4N2/1PP2PPP/R2QK2R,rn3rk1/ppp2p1p/1q3p2/3B1b2/8/P4N2/1PP2PPP/R2QK2R
G086_IMG048,r1r4P/4qpk1/1PppP1p1/1pbp2pp/1PnP4/1PQBB3/2PR1PPP/NR1R2K1,r1r5/4qpk1/2p1p1pp/1p1p4/1P1P4/2NBP2P/5PP1/R1R3K1,r1r5/4qpk1/2p3pp/1pnp4/1PbP4/2QBP2P/5PP1/R1R3K1,r1r5/4qpk1/2p3pp/1pnp4/1PnP4/2QBP2P/5PP1/R1R3K1
G088_IMG077,BBN1B2B/3K1p2/P1Nn1r1P/PPbnPB2/PPqnp3/Ppr1q3/Rrp1Q3/2k5,5k2/7R/3p2p1/3P1p2/4P2P/P1b1PQP1/8/8,5k2/7R/3p2p1/3P1p2/4nP1P/P1r1NKP1/8/8,5k2/7R/3p2p1/3P1p2/4nP1P/P1r1NKP1/8/8
G071_IMG055,k1p2PP1/2br3K/1q1BPBPP/R2BpNP1/p2nP3/r1RR4/5B1q/rnpP3R,r2r2k1/p4p2/7p/1p1pN1p1/3Pn3/1n2PP2/7P/R5K1,r2r2k1/p4q2/P1R3bp/1p1nB1p1/3Pp3/1B2PP2/5P1P/RQ4K1,r2r2k1/p4q2/P1R3bp/1p1nB1p1/3Pp3/1B2PP2/5P1P/RQ4K1
G032_IMG018,1p4PR/kbpN2N1/rr1Pp2B/pp1PpBQK/q3PBQK/b2p2P1/np1q2P1/np4PR,rnbq1rk1/pp2ppbp/6p1/2p1P1B1/3Pp3/4B3/PPPQ1PPP/R3KB1R,rnbq1rk1/pp2ppbp/6p1/2p1P1N1/3Pp3/4B3/PPPQ1PPP/R3KB1R,rnbq1rk1/pp2ppbp/6p1/2p1P1N1/3Pp3/4B3/PPPQ1PPP/R3KB1R
G044_IMG055,1rPBQKNB/1Pr1rpRn/P2QBnbp/P1pQBNPP/RBPBbN2/pBB1Q1q1/BBPQR1R1/nPP2RK1,2r2k2/p4ppp/8/1Bp5/6R1/2PP2P1/P1P1B1P1/5K2,2r2k2/p4ppp/8/1Bp5/6n1/2PP2P1/P1P1R1B1/5K2,2r2k2/p4ppp/8/1Bp5/6n1/2PP2P1/P1P1R1P1/5K2
G088_IMG060,1p1BPPbR/1n3PK1/k1rNBB1P/r1pnBB2/r1pnB1N1/p1pQB1N1/1Q1q4/3p1P2,3r1k2/1R4pp/3p1p2/p1n1n3/2P1P2P/P4PP1/3N2K1/8,3r1k2/1R4pp/3p1p2/p1qQn3/2P1P2P/P4PP1/3N2K1/8,3r1k2/1R4pp/3p1p2/p1qQn3/2P1P2P/P4PP1/3N2K1/8
G086_IMG083,BPKBNNBB/2P1QNR1/P1P1Q1R1/p2r2P1/p2r1Pp1/pn3bp1/1kr2q2/4N3,8/5pk1/2p3p1/1pPp4/1P5p/8/1R6/5Q2,8/5pk1/2p3P1/1pP5/1P2p2p/8/1R6/5K2,8/5pk1/2p3p1/1pP5/1P2p2p/8/1R6/5K2
G097_IMG063,R1N2K2/2QPKKNP/2Q4p/3Q1B1p/1P1NNp2/bp6/r1rR2pP/2n3rP,1q2n3/1p2Rk1p/6p1/2pN2P1/p1P5/8/PPK5/8,1r2n3/1p2Rk1p/6pP/2pN2P1/p1P5/8/PPK5/8,1r2n3/1p2Rk1p/6pP/2pN2P1/p1P5/8/PPK5/8
G097_IMG005,p1qqr1RN/qPRp1PpN/rnnpbPP1/rp6/p3P2N/pBP3QK/rBBBkPPK/RPBPPPQQ,rnbqkb1r/pppppp1p/5np1/8/2PP4/2N5/PP2PPPP/R1BQKBNR,rnbqkb1r/pppppp1p/5np1/8/2PP4/2N5/PP2PPPP/R1BQKBNR,rnbqkb1r/pppppp1p/5np1/8/2PP4/2N5/PP2PPPP/R1BQKBNR
G080_IMG053,K1NNN1NN/RRB1QBBB/BQP1qPRp/KRB1QBPR/KP2Q2R/B1P4r/PPB2B1r/pPPprr1B,1n3rk1/3q1pp1/p7/4N3/1b2P3/P5P1/5P1P/R1R2BK1,1r3rk1/3b1pp1/p7/4P3/1n2P3/N5Pp/5P1P/R1R2BK1,1r3rk1/3b1pp1/p7/4P3/1n2P3/N5Pp/5P1P/R1R2BK1
G001_IMG034,RkRR2BR/1BB1NP1R/PBP2QRR/4NQ1P/b6R/r1N3PP/Kp2nPBR/rBq1p1PP,r2qr1k1/1p3ppb/2p2n1p/p2p4/1P6/P2PP3/2QN1PPP/R3RBK1,r2qr1k1/1p3ppb/2p2n1p/p2p4/1P6/P2PP3/2QN1PPP/R3RBK1,r2qr1k1/1p3ppb/2p2n1p/p2p4/1P6/P2PP3/2QN1PPP/R3RBK1
G048_IMG070,KB1P4/1N1QQnPB/RNB2RpP/P1kq2Kp/3Q4/N1P1kRBp/rrN1Bpbq/k4PBn,7k/6p1/5p1p/8/p3k3/P6P/1PrQ2P1/6K1,7k/6p1/5p1p/8/p3q3/PpP4P/1PnQ2P1/6BK,7k/6p1/5p1p/8/p3q3/PpP4P/1PnQ2P1/6BK
G062_IMG073,PP1P1P1k/1p1R1BkK/P2N3p/p2N1PNp/p2N1BPP/B2N2rp/1r4pP/1r2R2K,8/1p1r2bk/p7/3R3p/P7/6r1/1r6/4R2K,8/1p1R2bk/p7/3N3p/P6p/6r1/1r6/4R2K,8/1p1R2bk/p7/3N3p/P6p/6r1/1r6/4R2K
G086_IMG046,1k3N1P/PBP1RQ1R/P2PRK2/3PBrP1/4bNp1/pp3pp1/Pkpqn3/5r1n,r1r5/3qnpk1/2p3pp/1p1p4/1P1P4/3BP2P/2R2PP1/R1R3K1,r1r5/3nqpk1/2p3pp/1pNp4/1PnP4/3BP2P/2Q2PP1/R1R3K1,r1r5/3nqpk1/2p3pp/1pNp4/1PnP4/3BP2P/2Q2PP1/R1R3K1
G018_IMG029,PQQ4p/KR3PR1/KR3PRP/1P1B1NNP/RB2rnbB/pB2P2b/BPP1kr1r/PPPpkqQq,2rq1rk1/pb2ppbp/1pn3p1/3pP3/3P3P/4BNP1/PP3PB1/R2QRRK1,2rq1rk1/pb2ppbp/1pn1n1p1/3pP3/3P3P/4BNP1/PP3PB1/R2QRNK1,2rq1rk1/pb2ppbp/1pn1n1p1/3pP3/3P3P/4BNP1/PP3PB1/R2QRNK1
G080_IMG070,k3npPK/1p2qP1K/1p1PP2N/2NPB1R1/2N1B1R1/2r5/2p1nr2/2p1R3,6k1/5pp1/p1rp4/8/pP2P3/6P1/3B3P/5BK1,6k1/5pp1/p1rN4/4P3/Rn2PPb1/1r4Pp/3R3P/5BK1,6k1/5pp1/p1rN4/4P3/Rn2PPb1/1r4Pp/3R3P/5BK1
G097_IMG079,B1NprB2/1P6/3rp2P/2P1N2P/2QK3q/3B3q/3RBr2/4PPkN,4k3/7p/6p1/2p3P1/p1p1K3/P7/1P6/8,4k3/7p/6pP/2p3P1/p1p1K3/P7/1P6/8,4k3/7p/6pP/2p3P1/p1p1K3/P7/1P6/8
G044_IMG050,r3KK1k/n4nrn/PB2qnRp/PBpPqp2/PBp1pN2/4r3/PP1B2PP/N2p1RK1,r4k2/p4ppp/5n2/1pp1n3/8/2PP2P1/P1P3P1/4R1K1,r4k2/p4ppp/5n2/1Bp1r3/8/2PP2P1/P1P3P1/4R1K1,r4k2/p4ppp/5n2/1Bp1r3/8/2PP2P1/P1P3P1/4R1K1
G086_IMG027,r4rk1/1p1b1np1/pPQq1n1p/P1pq1P1P/3P4/2NBNQ1R/PP3PPP/1R3RK1,r4rk1/1p1b1pp1/p1pq1n1p/3p4/3P4/2NBPQ1P/PP3PP1/1R3RK1,r4rk1/1p1n1pp1/p1pq1n1p/3p4/3P4/2NBPQ1P/PP3PP1/1R3RK1,r4rk1/1p1n1pp1/p1pq1n1p/3p4/3P4/2NBPQ1P/PP3PP1/1R3RK1
G026_IMG053,r3q3/2pbqppr/4k2p/4B3/PPrn1p2/P2b1P2/3B1KPP/NNRR4,r7/2pqbppp/4p3/4P3/1PPb1P2/P7/3B1KPP/1R1R4,r7/2pbkppp/4p3/4P3/1Prn1P2/P7/3B1KPP/1NRR4,r7/2pbkppp/4p3/4P3/1Prn1P2/P7/3B1KPP/1NRR4
G080_IMG018,1rbk1pQ1/r1k1nrpn/2r1Nb1N/1PB5/2pPP3/3B1NN1/PPKR1NBB/RN3RQ1,1rbq1rk1/p1p1bppp/2n1pn2/1p4B1/2pP4/4PNP1/PPQ2PBP/RN3RK1,1rbq1rk1/p1p1bppp/2n1pn2/1p4B1/2pP4/4PNP1/PPQ2PBP/RN3RK1,1rbq1rk1/p1p1bppp/2n1pn2/1p4B1/2pP4/4PNP1/PPQ2PBP/RN3RK1
G004_IMG006,P1bqN1NN/1pRqrBRn/Nn2rRBp/rp1p4/p2p3B/RB1N2Bp/PBPP1PPK/RPPPRQQK,rnbqkb1r/ppp2ppp/4pn2/3p4/2PP4/2N5/PP2PPPP/R1BQKBNR,rnbqkb1r/ppp2ppp/4pn2/3p4/2PP4/2N5/PP2PPPP/R1BQKBNR,rnbqkb1r/ppp2ppp/4pn2/3p4/2PP4/2N5/PP2PPPP/R1BQKBNR
G044_IMG081,3NQ1NB/3KBppB/3KNPRR/P4Q1P/6bB/Bkn2Nqp/brrnBPbq/p2PNPBR,5r2/p7/5np1/2p2ppp/8/2PP4/2P3P1/8,5R2/pBr5/P4np1/2p2pkp/8/2PP2P1/2PK2P1/8,5R2/pBr5/P4np1/2p2pkp/8/2PP2P1/2PK2P1/8
G075_IMG001,PP2PRNP/rP3RPR/rr1Q1BKK/pP1Q2PK/pp2PP1Q/qr2P2B/bp4PN/rrp3PN,rnbqkbnr/pppppppp/8/8/3P4/8/PPP1PPPP/RNBQKBNR,rnbqkbnr/pppppppp/8/8/3P4/8/PPP1PPPP/RNBQKBNR,rnbqkbnr/pppppppp/8/8/3P4/8/PPP1PPPP/RNBQKBNR
